-- phpMyAdmin SQL Dump
-- version 5.1.1
-- https://www.phpmyadmin.net/
--
-- Servidor: 127.0.0.1
-- Tiempo de generación: 14-12-2022 a las 21:59:42
-- Versión del servidor: 10.4.21-MariaDB
-- Versión de PHP: 8.0.11

SET SQL_MODE = "NO_AUTO_VALUE_ON_ZERO";
START TRANSACTION;
SET time_zone = "+00:00";


/*!40101 SET @OLD_CHARACTER_SET_CLIENT=@@CHARACTER_SET_CLIENT */;
/*!40101 SET @OLD_CHARACTER_SET_RESULTS=@@CHARACTER_SET_RESULTS */;
/*!40101 SET @OLD_COLLATION_CONNECTION=@@COLLATION_CONNECTION */;
/*!40101 SET NAMES utf8mb4 */;

--
-- Base de datos: `temporada`
--

-- --------------------------------------------------------

--
-- Estructura de tabla para la tabla `flujo`
--

CREATE TABLE `flujo` (
  `flujo` varchar(4) DEFAULT NULL,
  `proceso` varchar(4) DEFAULT NULL,
  `proceso_siguiente` varchar(4) DEFAULT NULL,
  `tipo` varchar(2) DEFAULT NULL,
  `rol` varchar(20) DEFAULT NULL,
  `pantalla` varchar(50) DEFAULT NULL
) ENGINE=InnoDB DEFAULT CHARSET=utf8mb4;

--
-- Volcado de datos para la tabla `flujo`
--

INSERT INTO `flujo` (`flujo`, `proceso`, `proceso_siguiente`, `tipo`, `rol`, `pantalla`) VALUES
('F1', 'P1', 'P2', 'I', 'Alumno', 'inicial'),
('F1', 'P2', 'P3', 'P', 'Alumno', 'datos'),
('F1', 'P3', 'P4', 'P', 'Alumno', 'envio'),
('F1', 'P4', NULL, 'C', 'Kardex', 'revision'),
('F1', 'P5', 'P2', 'P', 'Kardex', 'no'),
('F1', 'P6', NULL, 'C', 'Caja', 'verificar_pago'),
('F1', 'P7', 'P2', 'P', 'Caja', 'no_deposito'),
('F1', 'P8', 'P9', 'P', 'Kardex', 'registrar_materia'),
('F1', 'P9', NULL, 'F', 'Alumno', 'inscripcion');

-- --------------------------------------------------------

--
-- Estructura de tabla para la tabla `flujocondicion`
--

CREATE TABLE `flujocondicion` (
  `flujo` varchar(3) DEFAULT NULL,
  `proceso` varchar(3) DEFAULT NULL,
  `procesoSI` varchar(3) DEFAULT NULL,
  `procesoNO` varchar(3) DEFAULT NULL
) ENGINE=InnoDB DEFAULT CHARSET=utf8mb4;

--
-- Volcado de datos para la tabla `flujocondicion`
--

INSERT INTO `flujocondicion` (`flujo`, `proceso`, `procesoSI`, `procesoNO`) VALUES
('F1', 'P4', 'P6', 'P5'),
('F1', 'P6', 'P8', 'P7');

-- --------------------------------------------------------

--
-- Estructura de tabla para la tabla `flujotramite`
--

CREATE TABLE `flujotramite` (
  `Flujo` varchar(5) DEFAULT NULL,
  `proceso` varchar(5) DEFAULT NULL,
  `nro_tramite` varchar(10) DEFAULT NULL,
  `fechaini` datetime DEFAULT NULL,
  `fechafin` datetime DEFAULT NULL,
  `usuario` varchar(30) DEFAULT NULL,
  `usuario_tarea` varchar(30) DEFAULT NULL
) ENGINE=InnoDB DEFAULT CHARSET=utf8mb4;

--
-- Volcado de datos para la tabla `flujotramite`
--

INSERT INTO `flujotramite` (`Flujo`, `proceso`, `nro_tramite`, `fechaini`, `fechafin`, `usuario`, `usuario_tarea`) VALUES
('F1', 'P1', '1000', '2022-12-14 06:32:55', '2022-12-14 06:33:12', 'Abraham', 'Abraham'),
('F1', 'P2', '1000', '2022-12-14 06:33:12', '2022-12-14 06:33:53', 'Abraham', 'Abraham'),
('F1', 'P3', '1000', '2022-12-14 06:33:53', '2022-12-14 06:33:55', 'Abraham', 'Abraham'),
('F1', 'P4', '1000', '2022-12-14 06:33:55', '2022-12-14 06:34:04', 'JuanKardex', 'Abraham'),
('F1', 'P6', '1000', '2022-12-14 06:34:04', '2022-12-14 06:36:23', 'AlanCaja', 'Abraham'),
('F1', 'P8', '1000', '2022-12-14 06:36:23', '2022-12-14 06:36:33', 'JuanKardex', 'Abraham'),
('F1', 'P9', '1000', '2022-12-14 06:36:33', '2022-12-14 06:37:40', 'Abraham', 'Abraham'),
('F1', 'P1', '1001', '2022-12-14 06:37:40', '2022-12-14 06:38:16', 'Abraham', 'Abraham'),
('F1', 'P2', '1001', '2022-12-14 06:38:16', '2022-12-14 06:38:21', 'Abraham', 'Abraham'),
('F1', 'P3', '1001', '2022-12-14 06:38:21', '2022-12-14 06:38:23', 'Abraham', 'Abraham'),
('F1', 'P4', '1001', '2022-12-14 06:38:23', '2022-12-14 06:45:39', 'JuanKardex', 'Abraham'),
('F1', 'P6', '1001', '2022-12-14 06:45:39', '2022-12-14 06:51:46', 'AlanCaja', 'Abraham'),
('F1', 'P8', '1001', '2022-12-14 06:51:46', '2022-12-14 06:51:54', 'JuanKardex', 'Abraham'),
('F1', 'P9', '1001', '2022-12-14 06:51:54', '2022-12-14 06:52:05', 'Abraham', 'Abraham'),
('F1', 'P1', '1002', '2022-12-14 06:52:05', '2022-12-14 06:52:32', 'Abraham', 'Abraham'),
('F1', 'P2', '1002', '2022-12-14 06:52:32', '2022-12-14 06:52:37', 'Abraham', 'Abraham'),
('F1', 'P3', '1002', '2022-12-14 06:52:37', '2022-12-14 06:52:42', 'Abraham', 'Abraham'),
('F1', 'P4', '1002', '2022-12-14 06:52:42', '2022-12-14 06:52:55', 'JuanKardex', 'Abraham'),
('F1', 'P6', '1002', '2022-12-14 06:52:55', '2022-12-14 06:56:09', 'AlanCaja', 'Abraham'),
('F1', 'P8', '1002', '2022-12-14 06:56:09', '2022-12-14 06:56:18', 'JuanKardex', 'Abraham'),
('F1', 'P9', '1002', '2022-12-14 06:56:18', '2022-12-14 06:56:29', 'Abraham', 'Abraham'),
('F1', 'P1', '1003', '2022-12-14 06:58:28', '2022-12-14 06:58:37', 'Adriana', 'Adriana'),
('F1', 'P2', '1003', '2022-12-14 06:58:37', '2022-12-14 06:59:15', 'Adriana', 'Adriana'),
('F1', 'P3', '1003', '2022-12-14 06:59:15', '2022-12-14 06:59:17', 'Adriana', 'Adriana'),
('F1', 'P4', '1003', '2022-12-14 06:59:17', '2022-12-14 07:05:53', 'JuanKardex', 'Adriana'),
('F1', 'P6', '1003', '2022-12-14 07:08:06', '2022-12-14 07:14:24', 'AlanCaja', 'Adriana'),
('F1', 'P6', '1003', '2022-12-14 07:08:29', '2022-12-14 07:14:24', 'AlanCaja', 'Adriana'),
('F1', 'P6', '1003', '2022-12-14 07:10:23', '2022-12-14 07:14:24', 'AlanCaja', 'Adriana'),
('F1', 'P6', '1003', '2022-12-14 07:11:09', '2022-12-14 07:14:24', 'AlanCaja', 'Adriana'),
('F1', 'P6', '1003', '2022-12-14 07:13:28', '2022-12-14 07:14:24', 'AlanCaja', 'Adriana'),
('F1', 'P6', '1003', '2022-12-14 07:13:55', '2022-12-14 07:14:24', 'AlanCaja', 'Adriana'),
('F1', 'P8', '1003', '2022-12-14 07:14:24', '2022-12-14 07:14:31', 'JuanKardex', 'Adriana'),
('F1', 'P9', '1003', '2022-12-14 07:14:31', '2022-12-14 07:14:42', 'Adriana', 'Adriana'),
('F1', 'P1', '1004', '2022-12-14 07:16:26', '2022-12-14 07:16:31', 'Adriana', 'Adriana'),
('F1', 'P2', '1004', '2022-12-14 07:16:31', '2022-12-14 07:16:41', 'Adriana', 'Adriana'),
('F1', 'P3', '1004', '2022-12-14 07:16:41', '2022-12-14 07:16:49', 'Adriana', 'Adriana'),
('F1', 'P4', '1004', '2022-12-14 07:16:49', '2022-12-14 07:17:00', 'JuanKardex', 'Adriana'),
('F1', 'P6', '1004', '2022-12-14 07:17:00', '2022-12-14 07:17:17', 'AlanCaja', 'Adriana'),
('F1', 'P8', '1004', '2022-12-14 07:17:17', '2022-12-14 07:17:24', 'JuanKardex', 'Adriana'),
('F1', 'P9', '1004', '2022-12-14 07:17:25', '2022-12-14 07:17:31', 'Adriana', 'Adriana'),
('F1', 'P1', '1005', '2022-12-14 07:17:31', '2022-12-14 07:18:58', 'Adriana', 'Adriana'),
('F1', 'P2', '1005', '2022-12-14 07:18:58', '2022-12-14 07:19:02', 'Adriana', 'Adriana'),
('F1', 'P3', '1005', '2022-12-14 07:19:02', '2022-12-14 07:19:03', 'Adriana', 'Adriana'),
('F1', 'P4', '1005', '2022-12-14 07:19:03', '2022-12-14 07:27:12', 'JuanKardex', 'Adriana'),
('F1', 'P6', '1005', '2022-12-14 07:27:12', '2022-12-14 07:27:22', 'AlanCaja', 'Adriana'),
('F1', 'P8', '1005', '2022-12-14 07:27:22', '2022-12-14 07:27:27', 'JuanKardex', 'Adriana'),
('F1', 'P9', '1005', '2022-12-14 07:27:27', '2022-12-14 07:27:35', 'Adriana', 'Adriana'),
('F1', 'P1', '1006', '2022-12-14 07:30:26', '2022-12-14 07:30:42', 'Aidee', 'Aidee'),
('F1', 'P2', '1006', '2022-12-14 07:30:42', '2022-12-14 07:31:10', 'Aidee', 'Aidee'),
('F1', 'P3', '1006', '2022-12-14 07:31:10', '2022-12-14 07:31:12', 'Aidee', 'Aidee'),
('F1', 'P4', '1006', '2022-12-14 07:31:12', '2022-12-14 07:31:26', 'JuanKardex', 'Aidee'),
('F1', 'P6', '1006', '2022-12-14 07:31:26', '2022-12-14 07:31:36', 'AlanCaja', 'Aidee'),
('F1', 'P8', '1006', '2022-12-14 07:31:36', '2022-12-14 07:31:41', 'JuanKardex', 'Aidee'),
('F1', 'P9', '1006', '2022-12-14 07:31:41', '2022-12-14 07:31:52', 'Aidee', 'Aidee'),
('F1', 'P1', '1007', '2022-12-14 07:31:52', '2022-12-14 07:32:23', 'Aidee', 'Aidee'),
('F1', 'P2', '1007', '2022-12-14 07:32:23', '2022-12-14 07:32:26', 'Aidee', 'Aidee'),
('F1', 'P3', '1007', '2022-12-14 07:32:26', '2022-12-14 07:32:28', 'Aidee', 'Aidee'),
('F1', 'P4', '1007', '2022-12-14 07:32:28', '2022-12-14 07:32:38', 'JuanKardex', 'Aidee'),
('F1', 'P6', '1007', '2022-12-14 07:32:38', '2022-12-14 07:32:45', 'AlanCaja', 'Aidee'),
('F1', 'P8', '1007', '2022-12-14 07:32:45', '2022-12-14 07:32:54', 'JuanKardex', 'Aidee'),
('F1', 'P9', '1007', '2022-12-14 07:32:54', '2022-12-14 07:33:04', 'Aidee', 'Aidee'),
('F1', 'P1', '1008', '2022-12-14 07:33:04', '2022-12-14 07:35:54', 'Aidee', 'Aidee'),
('F1', 'P2', '1008', '2022-12-14 07:35:54', '2022-12-14 07:35:57', 'Aidee', 'Aidee'),
('F1', 'P3', '1008', '2022-12-14 07:35:57', '2022-12-14 07:35:59', 'Aidee', 'Aidee'),
('F1', 'P4', '1008', '2022-12-14 07:35:59', '2022-12-14 07:36:14', 'JuanKardex', 'Aidee'),
('F1', 'P6', '1008', '2022-12-14 07:36:14', '2022-12-14 07:36:25', 'AlanCaja', 'Aidee'),
('F1', 'P8', '1008', '2022-12-14 07:36:25', '2022-12-14 07:37:28', 'JuanKardex', 'Aidee'),
('F1', 'P9', '1008', '2022-12-14 07:37:29', '2022-12-14 07:37:40', 'Aidee', 'Aidee'),
('F1', 'P1', '1009', '2022-12-14 07:40:30', '2022-12-14 07:40:52', 'Ana', 'Ana'),
('F1', 'P2', '1009', '2022-12-14 07:40:52', '2022-12-14 07:41:13', 'Ana', 'Ana'),
('F1', 'P3', '1009', '2022-12-14 07:41:13', '2022-12-14 07:41:15', 'Ana', 'Ana'),
('F1', 'P4', '1009', '2022-12-14 07:41:15', '2022-12-14 07:41:22', 'JuanKardex', 'Ana'),
('F1', 'P6', '1009', '2022-12-14 07:41:22', '2022-12-14 07:41:30', 'AlanCaja', 'Ana'),
('F1', 'P8', '1009', '2022-12-14 07:41:30', '2022-12-14 07:41:37', 'JuanKardex', 'Ana'),
('F1', 'P9', '1009', '2022-12-14 07:41:37', '2022-12-14 07:41:44', 'Ana', 'Ana'),
('F1', 'P1', '1010', '2022-12-14 07:41:44', '2022-12-14 07:42:21', 'Ana', 'Ana'),
('F1', 'P2', '1010', '2022-12-14 07:42:21', '2022-12-14 07:42:24', 'Ana', 'Ana'),
('F1', 'P3', '1010', '2022-12-14 07:42:24', '2022-12-14 07:42:25', 'Ana', 'Ana'),
('F1', 'P4', '1010', '2022-12-14 07:42:25', '2022-12-14 07:42:52', 'JuanKardex', 'Ana'),
('F1', 'P6', '1010', '2022-12-14 07:42:52', '2022-12-14 07:43:02', 'AlanCaja', 'Ana'),
('F1', 'P8', '1010', '2022-12-14 07:43:02', '2022-12-14 07:43:10', 'JuanKardex', 'Ana'),
('F1', 'P9', '1010', '2022-12-14 07:43:10', '2022-12-14 07:43:16', 'Ana', 'Ana'),
('F1', 'P1', '1011', '2022-12-14 07:43:16', '2022-12-14 07:44:00', 'Ana', 'Ana'),
('F1', 'P2', '1011', '2022-12-14 07:44:00', '2022-12-14 07:44:03', 'Ana', 'Ana'),
('F1', 'P3', '1011', '2022-12-14 07:44:03', '2022-12-14 07:44:04', 'Ana', 'Ana'),
('F1', 'P4', '1011', '2022-12-14 07:44:04', '2022-12-14 07:44:24', 'JuanKardex', 'Ana'),
('F1', 'P6', '1011', '2022-12-14 07:44:24', '2022-12-14 07:44:35', 'AlanCaja', 'Ana'),
('F1', 'P8', '1011', '2022-12-14 07:44:35', '2022-12-14 07:44:42', 'JuanKardex', 'Ana'),
('F1', 'P9', '1011', '2022-12-14 07:44:42', '2022-12-14 07:44:57', 'Ana', 'Ana'),
('F1', 'P1', '1012', '2022-12-14 07:49:56', '2022-12-14 07:50:04', 'Andres', 'Andres'),
('F1', 'P2', '1012', '2022-12-14 07:50:04', '2022-12-14 07:50:44', 'Andres', 'Andres'),
('F1', 'P3', '1012', '2022-12-14 07:50:44', '2022-12-14 07:50:59', 'Andres', 'Andres'),
('F1', 'P4', '1012', '2022-12-14 07:50:59', '2022-12-14 07:51:08', 'JuanKardex', 'Andres'),
('F1', 'P6', '1012', '2022-12-14 07:51:08', '2022-12-14 07:51:22', 'AlanCaja', 'Andres'),
('F1', 'P8', '1012', '2022-12-14 07:51:22', '2022-12-14 07:51:28', 'JuanKardex', 'Andres'),
('F1', 'P9', '1012', '2022-12-14 07:51:28', '2022-12-14 07:52:31', 'Andres', 'Andres'),
('F1', 'P1', '1013', '2022-12-14 07:52:31', '2022-12-14 07:52:58', 'Andres', 'Andres'),
('F1', 'P2', '1013', '2022-12-14 07:52:58', '2022-12-14 07:53:01', 'Andres', 'Andres'),
('F1', 'P3', '1013', '2022-12-14 07:53:01', '2022-12-14 07:53:02', 'Andres', 'Andres'),
('F1', 'P4', '1013', '2022-12-14 07:53:02', '2022-12-14 07:53:07', 'JuanKardex', 'Andres'),
('F1', 'P6', '1013', '2022-12-14 07:53:07', '2022-12-14 07:53:15', 'AlanCaja', 'Andres'),
('F1', 'P8', '1013', '2022-12-14 07:53:15', '2022-12-14 07:53:18', 'JuanKardex', 'Andres'),
('F1', 'P9', '1013', '2022-12-14 07:53:18', '2022-12-14 07:53:25', 'Andres', 'Andres'),
('F1', 'P1', '1014', '2022-12-14 07:53:25', '2022-12-14 07:54:47', 'Andres', 'Andres'),
('F1', 'P2', '1014', '2022-12-14 07:54:47', '2022-12-14 07:54:52', 'Andres', 'Andres'),
('F1', 'P3', '1014', '2022-12-14 07:54:52', '2022-12-14 07:54:53', 'Andres', 'Andres'),
('F1', 'P4', '1014', '2022-12-14 07:54:53', '2022-12-14 07:55:01', 'JuanKardex', 'Andres'),
('F1', 'P6', '1014', '2022-12-14 07:55:01', '2022-12-14 07:55:06', 'AlanCaja', 'Andres'),
('F1', 'P8', '1014', '2022-12-14 07:55:06', '2022-12-14 07:55:12', 'JuanKardex', 'Andres'),
('F1', 'P9', '1014', '2022-12-14 07:55:12', '2022-12-14 07:55:17', 'Andres', 'Andres'),
('F1', 'P1', '1015', '2022-12-14 07:58:38', '2022-12-14 07:59:17', 'Cafu', 'Cafu'),
('F1', 'P2', '1015', '2022-12-14 07:59:17', '2022-12-14 07:59:54', 'Cafu', 'Cafu'),
('F1', 'P3', '1015', '2022-12-14 07:59:54', '2022-12-14 07:59:55', 'Cafu', 'Cafu'),
('F1', 'P4', '1015', '2022-12-14 07:59:55', '2022-12-14 08:00:03', 'JuanKardex', 'Cafu'),
('F1', 'P6', '1015', '2022-12-14 08:00:03', '2022-12-14 08:00:11', 'AlanCaja', 'Cafu'),
('F1', 'P8', '1015', '2022-12-14 08:00:11', '2022-12-14 08:00:29', 'JuanKardex', 'Cafu'),
('F1', 'P9', '1015', '2022-12-14 08:00:29', '2022-12-14 08:00:42', 'Cafu', 'Cafu'),
('F1', 'P1', '1016', '2022-12-14 08:00:42', '2022-12-14 08:01:05', 'Cafu', 'Cafu'),
('F1', 'P2', '1016', '2022-12-14 08:01:05', '2022-12-14 08:01:10', 'Cafu', 'Cafu'),
('F1', 'P3', '1016', '2022-12-14 08:01:10', '2022-12-14 08:01:11', 'Cafu', 'Cafu'),
('F1', 'P4', '1016', '2022-12-14 08:01:11', '2022-12-14 08:01:33', 'JuanKardex', 'Cafu'),
('F1', 'P6', '1016', '2022-12-14 08:01:33', '2022-12-14 08:01:39', 'AlanCaja', 'Cafu'),
('F1', 'P8', '1016', '2022-12-14 08:01:39', '2022-12-14 08:01:43', 'JuanKardex', 'Cafu'),
('F1', 'P9', '1016', '2022-12-14 08:01:43', '2022-12-14 08:01:47', 'Cafu', 'Cafu'),
('F1', 'P1', '1017', '2022-12-14 08:03:45', '2022-12-14 08:03:53', 'Carlos', 'Carlos'),
('F1', 'P2', '1017', '2022-12-14 08:03:53', '2022-12-14 08:04:26', 'Carlos', 'Carlos'),
('F1', 'P3', '1017', '2022-12-14 08:04:26', '2022-12-14 08:04:27', 'Carlos', 'Carlos'),
('F1', 'P4', '1017', '2022-12-14 08:04:27', '2022-12-14 08:04:32', 'JuanKardex', 'Carlos'),
('F1', 'P6', '1017', '2022-12-14 08:04:32', '2022-12-14 08:04:39', 'AlanCaja', 'Carlos'),
('F1', 'P8', '1017', '2022-12-14 08:04:39', '2022-12-14 08:04:43', 'JuanKardex', 'Carlos'),
('F1', 'P9', '1017', '2022-12-14 08:04:43', '2022-12-14 08:04:49', 'Carlos', 'Carlos'),
('F1', 'P1', '1018', '2022-12-14 08:04:49', '2022-12-14 08:04:53', 'Carlos', 'Carlos'),
('F1', 'P2', '1018', '2022-12-14 08:04:53', '2022-12-14 08:05:11', 'Carlos', 'Carlos'),
('F1', 'P3', '1018', '2022-12-14 08:05:11', '2022-12-14 08:05:13', 'Carlos', 'Carlos'),
('F1', 'P4', '1018', '2022-12-14 08:05:13', '2022-12-14 08:05:17', 'JuanKardex', 'Carlos'),
('F1', 'P6', '1018', '2022-12-14 08:05:17', '2022-12-14 08:05:23', 'AlanCaja', 'Carlos'),
('F1', 'P8', '1018', '2022-12-14 08:05:23', '2022-12-14 08:05:26', 'JuanKardex', 'Carlos'),
('F1', 'P9', '1018', '2022-12-14 08:05:26', '2022-12-14 08:06:00', 'Carlos', 'Carlos'),
('F1', 'P1', '1019', '2022-12-14 08:19:56', '2022-12-14 08:20:04', 'David', 'David'),
('F1', 'P2', '1019', '2022-12-14 08:20:04', '2022-12-14 08:20:26', 'David', 'David'),
('F1', 'P3', '1019', '2022-12-14 08:20:26', '2022-12-14 08:20:28', 'David', 'David'),
('F1', 'P4', '1019', '2022-12-14 08:20:28', '2022-12-14 08:20:34', 'JuanKardex', 'David'),
('F1', 'P6', '1019', '2022-12-14 08:20:34', '2022-12-14 08:20:49', 'AlanCaja', 'David'),
('F1', 'P8', '1019', '2022-12-14 08:20:49', '2022-12-14 08:20:56', 'JuanKardex', 'David'),
('F1', 'P9', '1019', '2022-12-14 08:20:57', '2022-12-14 08:21:02', 'David', 'David'),
('F1', 'P1', '1020', '2022-12-14 08:21:02', '2022-12-14 08:21:14', 'David', 'David'),
('F1', 'P2', '1020', '2022-12-14 08:21:14', '2022-12-14 08:21:17', 'David', 'David'),
('F1', 'P3', '1020', '2022-12-14 08:21:17', '2022-12-14 08:21:18', 'David', 'David'),
('F1', 'P4', '1020', '2022-12-14 08:21:18', '2022-12-14 08:21:24', 'JuanKardex', 'David'),
('F1', 'P6', '1020', '2022-12-14 08:21:24', '2022-12-14 08:21:29', 'AlanCaja', 'David'),
('F1', 'P8', '1020', '2022-12-14 08:21:29', '2022-12-14 08:21:34', 'JuanKardex', 'David'),
('F1', 'P9', '1020', '2022-12-14 08:21:34', '2022-12-14 08:21:39', 'David', 'David'),
('F1', 'P1', '1021', '2022-12-14 08:24:05', '2022-12-14 08:24:12', 'Diana', 'Diana'),
('F1', 'P2', '1021', '2022-12-14 08:24:12', '2022-12-14 08:24:32', 'Diana', 'Diana'),
('F1', 'P3', '1021', '2022-12-14 08:24:32', '2022-12-14 08:24:33', 'Diana', 'Diana'),
('F1', 'P4', '1021', '2022-12-14 08:24:33', '2022-12-14 08:24:38', 'JuanKardex', 'Diana'),
('F1', 'P6', '1021', '2022-12-14 08:24:38', '2022-12-14 08:24:45', 'AlanCaja', 'Diana'),
('F1', 'P8', '1021', '2022-12-14 08:24:45', '2022-12-14 08:24:48', 'JuanKardex', 'Diana'),
('F1', 'P9', '1021', '2022-12-14 08:24:48', '2022-12-14 08:24:55', 'Diana', 'Diana'),
('F1', 'P1', '1022', '2022-12-14 08:24:55', '2022-12-14 08:25:12', 'Diana', 'Diana'),
('F1', 'P2', '1022', '2022-12-14 08:25:12', '2022-12-14 08:25:15', 'Diana', 'Diana'),
('F1', 'P3', '1022', '2022-12-14 08:25:15', '2022-12-14 08:25:16', 'Diana', 'Diana'),
('F1', 'P4', '1022', '2022-12-14 08:25:16', '2022-12-14 08:25:28', 'JuanKardex', 'Diana'),
('F1', 'P6', '1022', '2022-12-14 08:25:28', '2022-12-14 08:25:33', 'AlanCaja', 'Diana'),
('F1', 'P8', '1022', '2022-12-14 08:25:33', '2022-12-14 08:25:36', 'JuanKardex', 'Diana'),
('F1', 'P9', '1022', '2022-12-14 08:25:36', '2022-12-14 08:25:41', 'Diana', 'Diana'),
('F1', 'P1', '1023', '2022-12-14 08:27:02', '2022-12-14 08:27:13', 'Edilson', 'Edilson'),
('F1', 'P2', '1023', '2022-12-14 08:27:13', '2022-12-14 08:27:42', 'Edilson', 'Edilson'),
('F1', 'P3', '1023', '2022-12-14 08:27:42', '2022-12-14 08:27:44', 'Edilson', 'Edilson'),
('F1', 'P4', '1023', '2022-12-14 08:27:44', '2022-12-14 08:27:50', 'JuanKardex', 'Edilson'),
('F1', 'P6', '1023', '2022-12-14 08:27:51', '2022-12-14 08:27:59', 'AlanCaja', 'Edilson'),
('F1', 'P8', '1023', '2022-12-14 08:27:59', '2022-12-14 08:28:02', 'JuanKardex', 'Edilson'),
('F1', 'P9', '1023', '2022-12-14 08:28:03', '2022-12-14 08:28:09', 'Edilson', 'Edilson'),
('F1', 'P1', '1024', '2022-12-14 08:28:09', '2022-12-14 08:28:13', 'Edilson', 'Edilson'),
('F1', 'P2', '1024', '2022-12-14 08:28:13', '2022-12-14 08:28:16', 'Edilson', 'Edilson'),
('F1', 'P3', '1024', '2022-12-14 08:28:16', '2022-12-14 08:28:17', 'Edilson', 'Edilson'),
('F1', 'P4', '1024', '2022-12-14 08:28:17', '2022-12-14 08:28:21', 'JuanKardex', 'Edilson'),
('F1', 'P6', '1024', '2022-12-14 08:28:21', '2022-12-14 08:28:26', 'AlanCaja', 'Edilson'),
('F1', 'P8', '1024', '2022-12-14 08:28:26', '2022-12-14 08:28:30', 'JuanKardex', 'Edilson'),
('F1', 'P9', '1024', '2022-12-14 08:28:30', '2022-12-14 08:28:36', 'Edilson', 'Edilson'),
('F1', 'P1', '1025', '2022-12-14 08:30:59', '2022-12-14 08:31:06', 'Elsa', 'Elsa'),
('F1', 'P2', '1025', '2022-12-14 08:31:06', '2022-12-14 08:31:26', 'Elsa', 'Elsa'),
('F1', 'P3', '1025', '2022-12-14 08:31:26', '2022-12-14 08:31:28', 'Elsa', 'Elsa'),
('F1', 'P4', '1025', '2022-12-14 08:31:28', '2022-12-14 08:31:38', 'JuanKardex', 'Elsa'),
('F1', 'P6', '1025', '2022-12-14 08:31:38', '2022-12-14 08:31:43', 'AlanCaja', 'Elsa'),
('F1', 'P8', '1025', '2022-12-14 08:31:43', '2022-12-14 08:31:46', 'JuanKardex', 'Elsa'),
('F1', 'P9', '1025', '2022-12-14 08:31:46', '2022-12-14 08:31:53', 'Elsa', 'Elsa'),
('F1', 'P1', '1026', '2022-12-14 08:31:53', '2022-12-14 08:31:58', 'Elsa', 'Elsa'),
('F1', 'P2', '1026', '2022-12-14 08:31:58', '2022-12-14 08:32:00', 'Elsa', 'Elsa'),
('F1', 'P3', '1026', '2022-12-14 08:32:00', '2022-12-14 08:32:01', 'Elsa', 'Elsa'),
('F1', 'P4', '1026', '2022-12-14 08:32:01', '2022-12-14 08:32:07', 'JuanKardex', 'Elsa'),
('F1', 'P6', '1026', '2022-12-14 08:32:07', '2022-12-14 08:32:10', 'AlanCaja', 'Elsa'),
('F1', 'P8', '1026', '2022-12-14 08:32:10', '2022-12-14 08:32:15', 'JuanKardex', 'Elsa'),
('F1', 'P9', '1026', '2022-12-14 08:32:16', '2022-12-14 08:32:20', 'Elsa', 'Elsa'),
('F1', 'P1', '1027', '2022-12-14 08:33:12', '2022-12-14 08:33:22', 'Erica', 'Erica'),
('F1', 'P2', '1027', '2022-12-14 08:33:22', '2022-12-14 08:33:47', 'Erica', 'Erica'),
('F1', 'P3', '1027', '2022-12-14 08:33:47', '2022-12-14 08:33:48', 'Erica', 'Erica'),
('F1', 'P4', '1027', '2022-12-14 08:33:48', '2022-12-14 08:34:50', 'JuanKardex', 'Erica'),
('F1', 'P6', '1027', '2022-12-14 08:34:50', '2022-12-14 08:34:55', 'AlanCaja', 'Erica'),
('F1', 'P8', '1027', '2022-12-14 08:34:55', '2022-12-14 08:34:59', 'JuanKardex', 'Erica'),
('F1', 'P9', '1027', '2022-12-14 08:35:00', '2022-12-14 08:35:04', 'Erica', 'Erica'),
('F1', 'P1', '1028', '2022-12-14 08:35:04', '2022-12-14 08:35:08', 'Erica', 'Erica'),
('F1', 'P2', '1028', '2022-12-14 08:35:08', '2022-12-14 08:35:11', 'Erica', 'Erica'),
('F1', 'P3', '1028', '2022-12-14 08:35:11', '2022-12-14 08:35:12', 'Erica', 'Erica'),
('F1', 'P4', '1028', '2022-12-14 08:35:12', '2022-12-14 08:35:17', 'JuanKardex', 'Erica'),
('F1', 'P6', '1028', '2022-12-14 08:35:17', '2022-12-14 08:35:21', 'AlanCaja', 'Erica'),
('F1', 'P8', '1028', '2022-12-14 08:35:21', '2022-12-14 08:35:24', 'JuanKardex', 'Erica'),
('F1', 'P9', '1028', '2022-12-14 08:35:24', '2022-12-14 08:35:29', 'Erica', 'Erica'),
('F1', 'P1', '1029', '2022-12-14 08:42:54', '2022-12-14 08:43:01', 'Ester', 'Ester'),
('F1', 'P2', '1029', '2022-12-14 08:43:01', '2022-12-14 08:43:33', 'Ester', 'Ester'),
('F1', 'P3', '1029', '2022-12-14 08:43:33', '2022-12-14 08:43:34', 'Ester', 'Ester'),
('F1', 'P4', '1029', '2022-12-14 08:43:34', '2022-12-14 08:43:39', 'JuanKardex', 'Ester'),
('F1', 'P6', '1029', '2022-12-14 08:43:39', '2022-12-14 08:43:52', 'AlanCaja', 'Ester'),
('F1', 'P8', '1029', '2022-12-14 08:43:52', '2022-12-14 08:43:56', 'JuanKardex', 'Ester'),
('F1', 'P9', '1029', '2022-12-14 08:43:56', '2022-12-14 08:44:00', 'Ester', 'Ester'),
('F1', 'P1', '1030', '2022-12-14 08:44:01', '2022-12-14 08:44:07', 'Ester', 'Ester'),
('F1', 'P2', '1030', '2022-12-14 08:44:07', '2022-12-14 08:44:10', 'Ester', 'Ester'),
('F1', 'P3', '1030', '2022-12-14 08:44:10', '2022-12-14 08:44:11', 'Ester', 'Ester'),
('F1', 'P4', '1030', '2022-12-14 08:44:11', '2022-12-14 08:44:16', 'JuanKardex', 'Ester'),
('F1', 'P6', '1030', '2022-12-14 08:44:16', '2022-12-14 08:44:24', 'AlanCaja', 'Ester'),
('F1', 'P8', '1030', '2022-12-14 08:44:24', '2022-12-14 08:44:29', 'JuanKardex', 'Ester'),
('F1', 'P9', '1030', '2022-12-14 08:44:29', '2022-12-14 08:44:39', 'Ester', 'Ester'),
('F1', 'P1', '1031', '2022-12-14 08:45:27', '2022-12-14 08:45:37', 'Felipe', 'Felipe'),
('F1', 'P2', '1031', '2022-12-14 08:45:37', '2022-12-14 08:45:59', 'Felipe', 'Felipe'),
('F1', 'P3', '1031', '2022-12-14 08:45:59', '2022-12-14 08:46:00', 'Felipe', 'Felipe'),
('F1', 'P4', '1031', '2022-12-14 08:46:00', '2022-12-14 08:46:05', 'JuanKardex', 'Felipe'),
('F1', 'P6', '1031', '2022-12-14 08:46:05', '2022-12-14 08:46:11', 'AlanCaja', 'Felipe'),
('F1', 'P8', '1031', '2022-12-14 08:46:11', '2022-12-14 08:46:14', 'JuanKardex', 'Felipe'),
('F1', 'P9', '1031', '2022-12-14 08:46:14', '2022-12-14 08:46:19', 'Felipe', 'Felipe'),
('F1', 'P1', '1032', '2022-12-14 08:46:19', '2022-12-14 08:46:22', 'Felipe', 'Felipe'),
('F1', 'P2', '1032', '2022-12-14 08:46:22', '2022-12-14 08:46:25', 'Felipe', 'Felipe'),
('F1', 'P3', '1032', '2022-12-14 08:46:25', '2022-12-14 08:46:26', 'Felipe', 'Felipe'),
('F1', 'P4', '1032', '2022-12-14 08:46:26', '2022-12-14 08:46:30', 'JuanKardex', 'Felipe'),
('F1', 'P6', '1032', '2022-12-14 08:46:30', '2022-12-14 08:46:34', 'AlanCaja', 'Felipe'),
('F1', 'P8', '1032', '2022-12-14 08:46:34', '2022-12-14 08:46:40', 'JuanKardex', 'Felipe'),
('F1', 'P9', '1032', '2022-12-14 08:46:40', '2022-12-14 08:46:43', 'Felipe', 'Felipe'),
('F1', 'P1', '1033', '2022-12-14 08:49:17', '2022-12-14 08:49:25', 'Felix', 'Felix'),
('F1', 'P2', '1033', '2022-12-14 08:49:25', '2022-12-14 08:49:44', 'Felix', 'Felix'),
('F1', 'P3', '1033', '2022-12-14 08:49:44', '2022-12-14 08:49:45', 'Felix', 'Felix'),
('F1', 'P4', '1033', '2022-12-14 08:49:45', '2022-12-14 08:49:49', 'JuanKardex', 'Felix'),
('F1', 'P6', '1033', '2022-12-14 08:49:49', '2022-12-14 08:49:53', 'AlanCaja', 'Felix'),
('F1', 'P8', '1033', '2022-12-14 08:49:53', '2022-12-14 08:49:57', 'JuanKardex', 'Felix'),
('F1', 'P9', '1033', '2022-12-14 08:49:57', '2022-12-14 08:50:01', 'Felix', 'Felix'),
('F1', 'P1', '1034', '2022-12-14 08:50:01', '2022-12-14 08:50:04', 'Felix', 'Felix'),
('F1', 'P2', '1034', '2022-12-14 08:50:04', '2022-12-14 08:50:08', 'Felix', 'Felix'),
('F1', 'P3', '1034', '2022-12-14 08:50:08', '2022-12-14 08:50:10', 'Felix', 'Felix'),
('F1', 'P4', '1034', '2022-12-14 08:50:10', '2022-12-14 08:50:14', 'JuanKardex', 'Felix'),
('F1', 'P6', '1034', '2022-12-14 08:50:14', '2022-12-14 08:50:19', 'AlanCaja', 'Felix'),
('F1', 'P8', '1034', '2022-12-14 08:50:19', '2022-12-14 08:50:22', 'JuanKardex', 'Felix'),
('F1', 'P9', '1034', '2022-12-14 08:50:22', '2022-12-14 08:50:26', 'Felix', 'Felix'),
('F1', 'P1', '1035', '2022-12-14 08:51:30', '2022-12-14 08:51:41', 'Fernando', 'Fernando'),
('F1', 'P1', '1036', '2022-12-14 08:51:33', '2022-12-14 08:52:20', 'Fernando', 'Fernando'),
('F1', 'P2', '1035', '2022-12-14 08:51:41', '2022-12-14 08:51:59', 'Fernando', 'Fernando'),
('F1', 'P3', '1035', '2022-12-14 08:51:59', '2022-12-14 08:52:00', 'Fernando', 'Fernando'),
('F1', 'P4', '1035', '2022-12-14 08:52:00', '2022-12-14 08:52:04', 'JuanKardex', 'Fernando'),
('F1', 'P6', '1035', '2022-12-14 08:52:04', '2022-12-14 08:52:09', 'AlanCaja', 'Fernando'),
('F1', 'P8', '1035', '2022-12-14 08:52:09', '2022-12-14 08:52:12', 'JuanKardex', 'Fernando'),
('F1', 'P9', '1035', '2022-12-14 08:52:12', '2022-12-14 08:52:18', 'Fernando', 'Fernando'),
('F1', 'P2', '1036', '2022-12-14 08:52:20', '2022-12-14 08:52:23', 'Fernando', 'Fernando'),
('F1', 'P3', '1036', '2022-12-14 08:52:23', '2022-12-14 08:52:24', 'Fernando', 'Fernando'),
('F1', 'P4', '1036', '2022-12-14 08:52:24', '2022-12-14 08:52:29', 'JuanKardex', 'Fernando'),
('F1', 'P6', '1036', '2022-12-14 08:52:29', '2022-12-14 08:52:31', 'AlanCaja', 'Fernando'),
('F1', 'P8', '1036', '2022-12-14 08:52:31', '2022-12-14 08:52:39', 'JuanKardex', 'Fernando'),
('F1', 'P9', '1036', '2022-12-14 08:52:39', '2022-12-14 08:52:43', 'Fernando', 'Fernando'),
('F1', 'P1', '1037', '2022-12-14 08:56:42', '2022-12-14 08:56:48', 'OsvaldoAlumno', 'OsvaldoAlumno'),
('F1', 'P2', '1037', '2022-12-14 08:56:48', '2022-12-14 08:57:06', 'OsvaldoAlumno', 'OsvaldoAlumno'),
('F1', 'P3', '1037', '2022-12-14 08:57:06', '2022-12-14 08:57:08', 'OsvaldoAlumno', 'OsvaldoAlumno'),
('F1', 'P4', '1037', '2022-12-14 08:57:08', '2022-12-14 08:57:24', 'JuanKardex', 'OsvaldoAlumno'),
('F1', 'P6', '1037', '2022-12-14 08:57:24', '2022-12-14 08:57:32', 'AlanCaja', 'OsvaldoAlumno'),
('F1', 'P7', '1037', '2022-12-14 08:57:32', '2022-12-14 08:57:39', 'AlanCaja', 'OsvaldoAlumno'),
('F1', 'P2', '1037', '2022-12-14 08:57:39', '2022-12-14 08:57:50', 'OsvaldoAlumno', 'OsvaldoAlumno'),
('F1', 'P3', '1037', '2022-12-14 08:57:50', '2022-12-14 08:57:52', 'OsvaldoAlumno', 'OsvaldoAlumno'),
('F1', 'P4', '1037', '2022-12-14 08:57:52', '2022-12-14 08:57:58', 'JuanKardex', 'OsvaldoAlumno'),
('F1', 'P6', '1037', '2022-12-14 08:57:58', '2022-12-14 08:59:12', 'AlanCaja', 'OsvaldoAlumno'),
('F1', 'P8', '1037', '2022-12-14 08:59:12', '2022-12-14 08:59:18', 'JuanKardex', 'OsvaldoAlumno'),
('F1', 'P9', '1037', '2022-12-14 08:59:18', '2022-12-14 08:59:28', 'OsvaldoAlumno', 'OsvaldoAlumno'),
('F1', 'P1', '1038', '2022-12-14 09:00:01', '2022-12-14 09:00:05', 'TouristAlumno', 'TouristAlumno'),
('F1', 'P2', '1038', '2022-12-14 09:00:05', '2022-12-14 09:00:17', 'TouristAlumno', 'TouristAlumno'),
('F1', 'P3', '1038', '2022-12-14 09:00:17', '2022-12-14 09:00:19', 'TouristAlumno', 'TouristAlumno'),
('F1', 'P4', '1038', '2022-12-14 09:00:19', NULL, 'JuanKardex', 'TouristAlumno'),
('F1', 'P1', '1039', '2022-12-14 09:01:23', '2022-12-14 09:01:34', 'Oliver', 'Oliver'),
('F1', 'P2', '1039', '2022-12-14 09:01:34', '2022-12-14 09:01:59', 'Oliver', 'Oliver'),
('F1', 'P3', '1039', '2022-12-14 09:01:59', '2022-12-14 09:02:00', 'Oliver', 'Oliver'),
('F1', 'P4', '1039', '2022-12-14 09:02:00', '2022-12-14 09:08:35', 'JuanKardex', 'Oliver'),
('F1', 'P1', '1040', '2022-12-14 09:02:00', '2022-12-14 09:02:14', 'Oliver', 'Oliver'),
('F1', 'P2', '1040', '2022-12-14 09:02:14', '2022-12-14 09:02:20', 'Oliver', 'Oliver'),
('F1', 'P3', '1040', '2022-12-14 09:02:20', '2022-12-14 09:02:22', 'Oliver', 'Oliver'),
('F1', 'P4', '1040', '2022-12-14 09:02:22', '2022-12-14 09:02:42', 'JuanKardex', 'Oliver'),
('F1', 'P6', '1040', '2022-12-14 09:02:42', '2022-12-14 09:02:48', 'AlanCaja', 'Oliver'),
('F1', 'P8', '1040', '2022-12-14 09:02:48', '2022-12-14 09:02:54', 'JuanKardex', 'Oliver'),
('F1', 'P9', '1040', '2022-12-14 09:02:54', '2022-12-14 09:03:03', 'Oliver', 'Oliver'),
('F1', 'P1', '1041', '2022-12-14 09:03:44', '2022-12-14 09:03:51', 'Nelson', 'Nelson'),
('F1', 'P2', '1041', '2022-12-14 09:03:51', '2022-12-14 09:04:33', 'Nelson', 'Nelson'),
('F1', 'P3', '1041', '2022-12-14 09:04:33', '2022-12-14 09:04:34', 'Nelson', 'Nelson'),
('F1', 'P4', '1041', '2022-12-14 09:04:34', '2022-12-14 09:04:44', 'JuanKardex', 'Nelson'),
('F1', 'P6', '1041', '2022-12-14 09:04:44', '2022-12-14 09:04:51', 'AlanCaja', 'Nelson'),
('F1', 'P8', '1041', '2022-12-14 09:04:51', '2022-12-14 09:05:35', 'JuanKardex', 'Nelson'),
('F1', 'P9', '1041', '2022-12-14 09:05:35', '2022-12-14 09:05:40', 'Nelson', 'Nelson'),
('F1', 'P6', '1039', '2022-12-14 09:08:35', '2022-12-14 09:11:05', 'AlanCaja', 'Oliver'),
('F1', 'P7', '1039', '2022-12-14 09:11:05', '2022-12-14 09:11:17', 'AlanCaja', 'Oliver'),
('F1', 'P2', '1039', '2022-12-14 09:11:17', '2022-12-14 09:11:35', 'Oliver', 'Oliver'),
('F1', 'P3', '1039', '2022-12-14 09:11:35', '2022-12-14 09:11:37', 'Oliver', 'Oliver'),
('F1', 'P4', '1039', '2022-12-14 09:11:37', '2022-12-14 09:11:46', 'JuanKardex', 'Oliver'),
('F1', 'P6', '1039', '2022-12-14 09:11:46', '2022-12-14 09:11:56', 'AlanCaja', 'Oliver'),
('F1', 'P8', '1039', '2022-12-14 09:11:56', '2022-12-14 09:12:01', 'JuanKardex', 'Oliver'),
('F1', 'P9', '1039', '2022-12-14 09:12:01', '2022-12-14 09:12:11', 'Oliver', 'Oliver'),
('F1', 'P1', '1042', '2022-12-14 09:36:34', '2022-12-14 09:40:23', 'Nelson', 'Nelson'),
('F1', 'P2', '1042', '2022-12-14 09:40:23', '2022-12-14 09:42:44', 'Nelson', 'Nelson'),
('F1', 'P3', '1042', '2022-12-14 09:42:44', '2022-12-14 09:42:45', 'Nelson', 'Nelson'),
('F1', 'P4', '1042', '2022-12-14 09:42:45', '2022-12-14 09:44:34', 'JuanKardex', 'Nelson'),
('F1', 'P6', '1042', '2022-12-14 09:44:34', '2022-12-14 09:45:42', 'AlanCaja', 'Nelson'),
('F1', 'P8', '1042', '2022-12-14 09:45:42', '2022-12-14 09:45:51', 'JuanKardex', 'Nelson'),
('F1', 'P9', '1042', '2022-12-14 09:45:51', '2022-12-14 09:48:58', 'Nelson', 'Nelson');

-- --------------------------------------------------------

--
-- Estructura de tabla para la tabla `rol`
--

CREATE TABLE `rol` (
  `id` varchar(11) NOT NULL,
  `descipcion` varchar(20) DEFAULT NULL
) ENGINE=InnoDB DEFAULT CHARSET=utf8mb4;

--
-- Volcado de datos para la tabla `rol`
--

INSERT INTO `rol` (`id`, `descipcion`) VALUES
('1', 'Alumno'),
('2', 'Kardex'),
('3', 'Caja');

-- --------------------------------------------------------

--
-- Estructura de tabla para la tabla `rolusuario`
--

CREATE TABLE `rolusuario` (
  `IdRol` varchar(11) DEFAULT NULL,
  `IdUsuario` varchar(11) NOT NULL
) ENGINE=InnoDB DEFAULT CHARSET=utf8mb4;

--
-- Volcado de datos para la tabla `rolusuario`
--

INSERT INTO `rolusuario` (`IdRol`, `IdUsuario`) VALUES
('1', '1'),
('1', '15'),
('1', '16'),
('1', '17'),
('1', '18'),
('1', '19'),
('1', '2'),
('1', '20'),
('1', '21'),
('1', '22'),
('1', '23'),
('1', '24'),
('1', '25'),
('1', '26'),
('1', '27'),
('1', '28'),
('1', '29'),
('1', '3'),
('1', '30'),
('1', '31'),
('1', '32'),
('2', '4'),
('3', '5');

-- --------------------------------------------------------

--
-- Estructura de tabla para la tabla `usuario`
--

CREATE TABLE `usuario` (
  `id` int(11) NOT NULL,
  `descripcion` varchar(20) DEFAULT NULL,
  `pass` varchar(100) DEFAULT NULL
) ENGINE=InnoDB DEFAULT CHARSET=utf8mb4;

--
-- Volcado de datos para la tabla `usuario`
--

INSERT INTO `usuario` (`id`, `descripcion`, `pass`) VALUES
(1, 'FuryAlumno', '7c4a8d09ca3762af61e59520943dc26494f8941b'),
(2, 'OsvaldoAlumno', '7c4a8d09ca3762af61e59520943dc26494f8941b'),
(3, 'TouristAlumno', '7c4a8d09ca3762af61e59520943dc26494f8941b'),
(4, 'JuanKardex', '7c4a8d09ca3762af61e59520943dc26494f8941b'),
(5, 'AlanCaja', '7c4a8d09ca3762af61e59520943dc26494f8941b'),
(15, 'Abraham', '7c4a8d09ca3762af61e59520943dc26494f8941b'),
(16, 'Adriana', '7c4a8d09ca3762af61e59520943dc26494f8941b'),
(17, 'Aidee', '7c4a8d09ca3762af61e59520943dc26494f8941b'),
(18, 'Ana', '7c4a8d09ca3762af61e59520943dc26494f8941b'),
(19, 'Andres', '7c4a8d09ca3762af61e59520943dc26494f8941b'),
(20, 'Cafu', '7c4a8d09ca3762af61e59520943dc26494f8941b'),
(21, 'Carlos', '7c4a8d09ca3762af61e59520943dc26494f8941b'),
(22, 'David', '7c4a8d09ca3762af61e59520943dc26494f8941b'),
(23, 'Diana', '7c4a8d09ca3762af61e59520943dc26494f8941b'),
(24, 'Edilson', '7c4a8d09ca3762af61e59520943dc26494f8941b'),
(25, 'Elsa', '7c4a8d09ca3762af61e59520943dc26494f8941b'),
(26, 'Erica', '7c4a8d09ca3762af61e59520943dc26494f8941b'),
(27, 'Ester', '7c4a8d09ca3762af61e59520943dc26494f8941b'),
(28, 'Felipe', '7c4a8d09ca3762af61e59520943dc26494f8941b'),
(29, 'Felix', '7c4a8d09ca3762af61e59520943dc26494f8941b'),
(30, 'Fernando', '7c4a8d09ca3762af61e59520943dc26494f8941b'),
(31, 'Oliver', '7c4a8d09ca3762af61e59520943dc26494f8941b'),
(32, 'Nelson', '7c4a8d09ca3762af61e59520943dc26494f8941b');

--
-- Índices para tablas volcadas
--

--
-- Indices de la tabla `rol`
--
ALTER TABLE `rol`
  ADD PRIMARY KEY (`id`);

--
-- Indices de la tabla `rolusuario`
--
ALTER TABLE `rolusuario`
  ADD PRIMARY KEY (`IdUsuario`);

--
-- Indices de la tabla `usuario`
--
ALTER TABLE `usuario`
  ADD PRIMARY KEY (`id`);

--
-- AUTO_INCREMENT de las tablas volcadas
--

--
-- AUTO_INCREMENT de la tabla `usuario`
--
ALTER TABLE `usuario`
  MODIFY `id` int(11) NOT NULL AUTO_INCREMENT, AUTO_INCREMENT=33;
COMMIT;

/*!40101 SET CHARACTER_SET_CLIENT=@OLD_CHARACTER_SET_CLIENT */;
/*!40101 SET CHARACTER_SET_RESULTS=@OLD_CHARACTER_SET_RESULTS */;
/*!40101 SET COLLATION_CONNECTION=@OLD_COLLATION_CONNECTION */;
